<?xml version="1.0" encoding="utf-8"?>
<Sync xmlns:xsi="http://www.w3.org/2001/XMLSchema-instance" xsi:noNamespaceSchemaLocation="sync.xsd">
  <Entity mainType="Component" customType="Filebased" typeVersion="1.1.0 PCK.AUTOMIC_FILESYSTEM">
    <Property name="system_name" isIdentity="true">
      <Value>TrainFiles</Value>
    </Property>
    <Property name="system_description">
      <Value />
    </Property>
    <Property name="system_application.system_name" isIdentity="true">
      <Value>TrainApp</Value>
    </Property>
    <Property name="system_owner.system_name">
      <Value>100/AUTOMIC/AUTOMIC</Value>
    </Property>
    <Property name="system_deployment_target_type">
      <Value>Filebased</Value>
    </Property>
    <Property name="system_attached_to_deployment_target">
      <Value>True</Value>
    </Property>
    <Property name="system_folder.system_name">
      <Value>DEFAULT</Value>
    </Property>
    <Property name="system_archived">
      <Value>False</Value>
    </Property>
    <Property name="source_uri">
      <Value>C:\Automic\Tools\ARA\Sample\readme.txt</Value>
    </Property>
    <Property name="source_username">
      <Value />
    </Property>
    <Property name="source_password">
      <Value />
    </Property>
  </Entity>
</Sync>