<?xml version="1.0" encoding="utf-8"?>
<Sync xmlns:xsi="http://www.w3.org/2001/XMLSchema-instance" xsi:noNamespaceSchemaLocation="sync.xsd">
  <Entity mainType="Component" customType="Database MSSQL" typeVersion="6.0 PCK.AUTOMIC_MSSQL">
    <Property name="system_name" isIdentity="true">
      <Value>SQL_SERVER</Value>
    </Property>
    <Property name="system_description">
      <Value />
    </Property>
    <Property name="system_application.system_name" isIdentity="true">
      <Value>UseCase</Value>
    </Property>
    <Property name="system_owner.system_name">
      <Value>100/AUTOMIC/AUTOMIC</Value>
    </Property>
    <Property name="system_deployment_target_type">
      <Value>Database MSSQL</Value>
    </Property>
    <Property name="system_attached_to_deployment_target">
      <Value>True</Value>
    </Property>
    <Property name="system_folder.system_name">
      <Value>DEFAULT</Value>
    </Property>
    <Property name="system_archived">
      <Value>False</Value>
    </Property>
    <Property name="database_name">
      <Value>AutomicU</Value>
    </Property>
    <Property name="jdbc_connection_string">
      <Value>jdbc:sqlserver://localhost:1433;databaseName=AutomicU</Value>
    </Property>
    <Property name="file_spec">
      <Value />
    </Property>
    <Property name="filegroup_spec">
      <Value />
    </Property>
    <Property name="log_spec">
      <Value />
    </Property>
  </Entity>
</Sync>