﻿<?xml version="1.0" encoding="UTF-8"?>
<DeepExport>
  <System>
    <SystemVersion>8.0.1+build.12085</SystemVersion>
  </System>
  <Files>
    <File>\Application Tp_1912\Application Tp_1912.xml</File>
    <File>\Application Tp_1912\Component NE_2692\Component NE_2692.xml</File>
    <File>\Application Tp_1912\Component Tp_1914\Component Tp_1914.xml</File>
    <File>\Application Tp_1912\Component Ts_2107\Component Ts_2107.xml</File>
    <File>\Application Tp_1912\Component NE_2692\DynamicProperty N2_181123052048122.xml</File>
    <File>\Application Tp_1912\Component Tp_1914\DynamicProperty T4_181123052047008.xml</File>
    <File>\Application Tp_1912\Component Ts_2107\DynamicProperty T7_181123052047451.xml</File>
    <File>\Application Tp_1912\Workflow T2_2918\Workflow T2_2918.xml</File>
    <File>\Application Tp_1912\Workflow Tw_2335\Workflow Tw_2335.xml</File>
    <File>\Application Tp_1912\Workflow T2_2918\WorkflowDefinition T8_181123052141233.xml</File>
    <File>\Application Tp_1912\Workflow Tw_2335\WorkflowDefinition T5_181123052139818.xml</File>
    <File>\Application Ue_4221\Application Ue_4221.xml</File>
    <File>\Application Ue_4221\Component Cy_6341\Component Cy_6341.xml</File>
    <File>\Application Ue_4221\Component SR_4223\Component SR_4223.xml</File>
    <File>\Application Ue_4221\Component Up_4633\Component Up_4633.xml</File>
    <File>\Application Ue_4221\Component Cy_6341\DynamicProperty C1_181123052146248.xml</File>
    <File>\Application Ue_4221\Component SR_4223\DynamicProperty S3_181123052145172.xml</File>
    <File>\Application Ue_4221\Component Up_4633\DynamicProperty U3_181123052145750.xml</File>
    <File>\Application Ue_4221\Workflow UE_4826\Workflow UE_4826.xml</File>
    <File>\Application Ue_4221\Workflow UE_4826\WorkflowDefinition U6_181123052151900.xml</File>
  </Files>
  <ExportContext>
    <Entities>
      <Entity>
        <mainType>Application</mainType>
        <name>TrainApp</name>
        <description>
        </description>
        <createdOn>2018-11-19T11:55:51Z</createdOn>
        <createdBy>100/AUTOMIC/AUTOMIC</createdBy>
        <lastModifiedOn>2018-11-21T08:06:11Z</lastModifiedOn>
        <lastModifiedBy>100/AUTOMIC/AUTOMIC</lastModifiedBy>
      </Entity>
      <Entity>
        <mainType>Application</mainType>
        <name>UseCase</name>
        <description>
        </description>
        <createdOn>2018-11-21T08:26:54Z</createdOn>
        <createdBy>100/AUTOMIC/AUTOMIC</createdBy>
        <lastModifiedOn>2018-11-22T13:54:58Z</lastModifiedOn>
        <lastModifiedBy>100/AUTOMIC/AUTOMIC</lastModifiedBy>
      </Entity>
    </Entities>
  </ExportContext>
</DeepExport>