<?xml version="1.0" encoding="utf-8"?>
<Sync xmlns:xsi="http://www.w3.org/2001/XMLSchema-instance" xsi:noNamespaceSchemaLocation="sync.xsd">
  <Entity mainType="Component" customType="Tomcat" typeVersion="1.0.0 PCK.AUTOMIC_TOMCAT">
    <Property name="system_name" isIdentity="true">
      <Value>UseCaseWebApp</Value>
    </Property>
    <Property name="system_description">
      <Value />
    </Property>
    <Property name="system_application.system_name" isIdentity="true">
      <Value>UseCase</Value>
    </Property>
    <Property name="system_owner.system_name">
      <Value>100/AUTOMIC/AUTOMIC</Value>
    </Property>
    <Property name="system_deployment_target_type">
      <Value>Tomcat</Value>
    </Property>
    <Property name="system_attached_to_deployment_target">
      <Value>True</Value>
    </Property>
    <Property name="system_folder.system_name">
      <Value>DEFAULT</Value>
    </Property>
    <Property name="system_archived">
      <Value>False</Value>
    </Property>
    <Property name="package_file_name">
      <Value>petstore.war</Value>
    </Property>
    <Property name="jdbc_datasource_name">
      <Value />
    </Property>
    <Property name="jdbc_driver">
      <Value />
    </Property>
    <Property name="jdbc_username">
      <Value />
    </Property>
    <Property name="jdbc_password">
      <Value />
    </Property>
    <Property name="jdbc_url">
      <Value>http://SQL2014:80/ARA/applications/components/dynamicproperties?oid=4633&amp;aid=4221</Value>
    </Property>
    <Property name="initial_size">
      <Value>0</Value>
    </Property>
    <Property name="max_active">
      <Value>8</Value>
    </Property>
    <Property name="min_idle">
      <Value>0</Value>
    </Property>
    <Property name="max_idle">
      <Value>8</Value>
    </Property>
    <Property name="max_wait">
      <Value>-1</Value>
    </Property>
  </Entity>
</Sync>