<?xml version="1.0" encoding="utf-8"?>
<Sync xmlns:xsi="http://www.w3.org/2001/XMLSchema-instance" xsi:noNamespaceSchemaLocation="sync.xsd">
  <Entity mainType="Application" customType="Generic" typeVersion="1.0.0 PCK.AUTOMIC_BOND">
    <Property name="system_name" isIdentity="true">
      <Value>TrainApp</Value>
    </Property>
    <Property name="system_description">
      <Value />
    </Property>
    <Property name="system_owner.system_name">
      <Value>100/AUTOMIC/AUTOMIC</Value>
    </Property>
    <Property name="system_folder.system_name">
      <Value>DEFAULT</Value>
    </Property>
    <Property name="system_archived">
      <Value>False</Value>
    </Property>
  </Entity>
</Sync>