<?xml version="1.0" encoding="utf-8"?>
<Sync xmlns:xsi="http://www.w3.org/2001/XMLSchema-instance" xsi:noNamespaceSchemaLocation="sync.xsd">
  <Entity mainType="Component" customType="FileCopy2" typeVersion="10">
    <Property name="system_name" isIdentity="true">
      <Value>Copy</Value>
    </Property>
    <Property name="system_description">
      <Value />
    </Property>
    <Property name="system_application.system_name" isIdentity="true">
      <Value>UseCase</Value>
    </Property>
    <Property name="system_owner.system_name">
      <Value>100/AUTOMIC/AUTOMIC</Value>
    </Property>
    <Property name="system_deployment_target_type">
      <Value>Filebased</Value>
    </Property>
    <Property name="system_attached_to_deployment_target">
      <Value>True</Value>
    </Property>
    <Property name="system_folder.system_name">
      <Value>DEFAULT</Value>
    </Property>
    <Property name="system_archived">
      <Value>False</Value>
    </Property>
    <Property name="SourceDirectory">
      <Value>values</Value>
    </Property>
    <Property name="DestinationDirectory">
      <Value>qwertyuiop</Value>
    </Property>
  </Entity>
</Sync>